-- phpMyAdmin SQL Dump
-- version 5.1.0
-- https://www.phpmyadmin.net/
--
-- Host: 127.0.0.1
-- Server version: 10.4.19-MariaDB
-- PHP Version: 7.4.19

SET SQL_MODE = "NO_AUTO_VALUE_ON_ZERO";
START TRANSACTION;
SET time_zone = "+00:00";


/*!40101 SET @OLD_CHARACTER_SET_CLIENT=@@CHARACTER_SET_CLIENT */;
/*!40101 SET @OLD_CHARACTER_SET_RESULTS=@@CHARACTER_SET_RESULTS */;
/*!40101 SET @OLD_COLLATION_CONNECTION=@@COLLATION_CONNECTION */;
/*!40101 SET NAMES utf8mb4 */;

--
-- Database: `abms`
--

-- --------------------------------------------------------

--
-- Table structure for table `tblblotter`
--

CREATE TABLE `tblblotter` (
  `id` int(11) NOT NULL,
  `complainant` varchar(100) DEFAULT NULL,
  `respondent` varchar(100) DEFAULT NULL,
  `victim` varchar(100) DEFAULT NULL,
  `type` varchar(100) DEFAULT NULL,
  `location` varchar(100) DEFAULT NULL,
  `date` date DEFAULT NULL,
  `time` time DEFAULT NULL,
  `details` varchar(10000) DEFAULT NULL,
  `status` varchar(50) DEFAULT NULL
) ENGINE=InnoDB DEFAULT CHARSET=latin1;

--
-- Dumping data for table `tblblotter`
--

INSERT INTO `tblblotter` (`id`, `complainant`, `respondent`, `victim`, `type`, `location`, `date`, `time`, `details`, `status`) VALUES
(10, 'Joe Rizal', 'Nora Selos', 'Joe Rizal', 'Amicable', 'Pob 1 Catbalogan, Samar', '2023-11-02', '00:30:00', ' Sustento sa Anaak ', 'Scheduled'),
(16, 'Tiboy Tibo', 'Maria Advitos', 'Tiboy', 'Incident', 'Brgy1', '2023-11-06', '23:35:00', '  Di alam ano pinag awayan  ', 'Scheduled'),
(19, 'Girl Topak', 'Boy Topak', 'Girl Topak', 'Incident', 'Manila', '2023-01-13', '11:11:00', 'Mga Topakin na Pamilya', 'Active'),
(20, 'Kayzel', 'Mario', 'Kayzel', 'Incident', 'Quezon City', '2023-01-07', '00:12:00', 'Iwan Ko', 'Settled'),
(22, 'Juan dela Cruz', 'Peter', 'Juan', 'Amicable', 'Manila', '2023-01-01', '22:16:00', '   ayaw magbayad ng utang.. hehhheee   ', 'Active');

-- --------------------------------------------------------

--
-- Table structure for table `tblbrgy_info`
--

CREATE TABLE `tblbrgy_info` (
  `id` int(11) NOT NULL,
  `province` varchar(100) DEFAULT NULL,
  `town` varchar(100) DEFAULT NULL,
  `brgy_name` varchar(50) DEFAULT NULL,
  `number` varchar(50) DEFAULT NULL,
  `text` text DEFAULT NULL,
  `image` varchar(200) DEFAULT NULL,
  `city_logo` varchar(100) DEFAULT NULL,
  `brgy_logo` varchar(100) DEFAULT NULL
) ENGINE=InnoDB DEFAULT CHARSET=utf8mb4;

--
-- Dumping data for table `tblbrgy_info`
--

INSERT INTO `tblbrgy_info` (`id`, `province`, `town`, `brgy_name`, `number`, `text`, `image`, `city_logo`, `brgy_logo`) VALUES
(1, 'Samar1', 'POBLACION KALIBO', 'BRGY KALIBO AKLAN', '0919-1234567', 'Mauris blandit aliquet elit, eget tincidunt nibh pulvinar a. Sed porttitor lectus nibh. Curabitur aliquet quam id dui posuere blandit.', '09052023075440182970012_615550183178722_2776607156578360582_n.jpg', '03052023033434brgy-logo.png', '0905202307542630042023035316lgu-logo.png');

-- --------------------------------------------------------

--
-- Table structure for table `tblchairmanship`
--

CREATE TABLE `tblchairmanship` (
  `id` int(11) NOT NULL,
  `title` varchar(100) DEFAULT NULL
) ENGINE=InnoDB DEFAULT CHARSET=utf8mb4;

--
-- Dumping data for table `tblchairmanship`
--

INSERT INTO `tblchairmanship` (`id`, `title`) VALUES
(2, 'Presiding Officer'),
(3, 'Committee on Appropriation'),
(4, 'Committee on Peace & Order'),
(5, 'Committee on Health'),
(6, 'Committee on Education'),
(7, 'Committee on Rules'),
(8, 'Committee on Infra'),
(9, 'Committee on Solid Waste'),
(10, 'Committee on Sports'),
(11, 'No Chairmanship');

-- --------------------------------------------------------

--
-- Table structure for table `tblofficials`
--

CREATE TABLE `tblofficials` (
  `id` int(11) NOT NULL,
  `name` varchar(50) DEFAULT NULL,
  `chairmanship` varchar(50) DEFAULT NULL,
  `position` varchar(50) DEFAULT NULL,
  `termstart` date DEFAULT NULL,
  `termend` date DEFAULT NULL,
  `status` varchar(20) DEFAULT NULL
) ENGINE=InnoDB DEFAULT CHARSET=utf8mb4;

--
-- Dumping data for table `tblofficials`
--

INSERT INTO `tblofficials` (`id`, `name`, `chairmanship`, `position`, `termstart`, `termend`, `status`) VALUES
(1, 'Peter Guevarra	', '2', '4', '2023-04-29', '2023-05-01', 'Active'),
(4, 'Marlon A. Lorio', '3', '7', '2023-04-03', '2023-04-24', 'Active'),
(5, 'GARRY A. RAFEL', '4', '8', '2023-04-03', '2023-04-03', 'Active'),
(6, 'TRILLION LOWRY	', '5', '9', '2023-04-03', '2023-04-03', 'Active'),
(7, 'MELANIE M. ELBOR	', '6', '10', '2023-04-03', '2023-04-03', 'Active'),
(8, 'ERLINDA V. VITUS	', '7', '11', '2023-04-03', '2023-04-03', 'Active'),
(9, 'JOEDAVINCE', '8', '12', '2023-04-03', '2023-04-03', 'Active'),
(10, 'ALEJANDRO A. CAGAMPANG	', '9', '13', '2023-04-03', '2023-04-03', 'Active'),
(11, 'JOSEPH P. PARDOS	', '10', '14', '2023-04-03', '2023-04-03', 'Active'),
(12, 'RUTH A. BACAG	', '11', '15', '2023-04-03', '2023-04-03', 'Active'),
(13, 'DIANNE A. CURRY	', '11', '16', '2023-04-03', '2023-04-03', 'Active');

-- --------------------------------------------------------

--
-- Table structure for table `tblpayments`
--

CREATE TABLE `tblpayments` (
  `id` int(11) NOT NULL,
  `details` varchar(100) DEFAULT NULL,
  `amounts` decimal(10,2) DEFAULT NULL,
  `date` date DEFAULT NULL,
  `user` varchar(50) DEFAULT NULL,
  `name` varchar(50) DEFAULT NULL
) ENGINE=InnoDB DEFAULT CHARSET=utf8mb4;

--
-- Dumping data for table `tblpayments`
--

INSERT INTO `tblpayments` (`id`, `details`, `amounts`, `date`, `user`, `name`) VALUES
(5, 'Business Permit Payment', '7000.00', '2023-05-19', 'admin', ' Atrium Salon & Studio'),
(6, 'Certificate of Indigency Payment', '3500.00', '2023-05-19', 'admin', ' Ronil Gonzales Cajan'),
(7, 'Barangay Clearance Payment', '2500.00', '2023-05-19', 'admin', ' Ronil Poe Cajan'),
(8, 'Business Permit Payment', '3500.00', '2023-05-18', 'admin', ' Atrium Salon & Studio'),
(9, 'Business Permit Payment', '7000.00', '2023-05-18', 'admin', ' Atrium Salon & Studio'),
(10, 'Business Permit Payment', '7500.00', '2023-05-18', 'admin', ' Atrium Salon & Studio');

-- --------------------------------------------------------

--
-- Table structure for table `tblpermit`
--

CREATE TABLE `tblpermit` (
  `id` int(11) NOT NULL,
  `name` varchar(80) DEFAULT NULL,
  `owner1` varchar(200) DEFAULT NULL,
  `owner2` varchar(80) DEFAULT NULL,
  `nature` varchar(220) DEFAULT NULL,
  `applied` date DEFAULT NULL
) ENGINE=InnoDB DEFAULT CHARSET=utf8mb4;

--
-- Dumping data for table `tblpermit`
--

INSERT INTO `tblpermit` (`id`, `name`, `owner1`, `owner2`, `nature`, `applied`) VALUES
(4, 'SH Food Group 1', 'SH Food Group 1', 'SH Food Group 2', 'SH Food Group 1', '2023-04-30'),
(5, 'Atrium Salon & Studio', 'SH Food Group 213', '', 'Atrium Salon & Studio', '2023-04-30');

-- --------------------------------------------------------

--
-- Table structure for table `tblposition`
--

CREATE TABLE `tblposition` (
  `id` int(11) NOT NULL,
  `position` varchar(50) DEFAULT NULL,
  `order` int(11) DEFAULT NULL
) ENGINE=InnoDB DEFAULT CHARSET=utf8mb4;

--
-- Dumping data for table `tblposition`
--

INSERT INTO `tblposition` (`id`, `position`, `order`) VALUES
(4, 'Captain', 1),
(7, 'Councilor 1', 2),
(8, 'Councilor 2', 3),
(9, 'Councilor 3', 4),
(10, 'Councilor 4', 5),
(11, 'Councilor 5', 6),
(12, 'Councilor 6', 7),
(13, 'Councilor 7', 8),
(14, 'SK Chairman', 9),
(15, 'Secretary', 10),
(16, 'Treasurer', 11);

-- --------------------------------------------------------

--
-- Table structure for table `tblprecinct`
--

CREATE TABLE `tblprecinct` (
  `id` int(11) NOT NULL,
  `precinct` varchar(100) DEFAULT NULL,
  `details` text DEFAULT NULL
) ENGINE=InnoDB DEFAULT CHARSET=utf8mb4;

-- --------------------------------------------------------

--
-- Table structure for table `tblpurok`
--

CREATE TABLE `tblpurok` (
  `id` int(11) NOT NULL,
  `name` varchar(255) DEFAULT NULL,
  `details` text DEFAULT NULL
) ENGINE=InnoDB DEFAULT CHARSET=utf8mb4;

--
-- Dumping data for table `tblpurok`
--

INSERT INTO `tblpurok` (`id`, `name`, `details`) VALUES
(1, 'Purok 1', 'Tikang Kanda Babon ngadto liwat kanda Babon'),
(2, 'Purok 2', 'Amon ngadto ira'),
(3, 'Purok 3', 'afawewqeqweqweqw'),
(4, 'Purok 4', 'dsfdsf'),
(5, 'Purok 5', 'rewrew'),
(6, 'Purok 6', 'rewrewr'),
(7, 'Purok 7', 'rew'),
(8, 'Purok 7', 'rew');

-- --------------------------------------------------------

--
-- Table structure for table `tblresident`
--

CREATE TABLE `tblresident` (
  `id` int(11) NOT NULL,
  `national_id` varchar(100) DEFAULT NULL,
  `citizenship` varchar(50) DEFAULT NULL,
  `picture` text CHARACTER SET utf8mb4 DEFAULT NULL,
  `firstname` varchar(50) CHARACTER SET utf8mb4 DEFAULT NULL,
  `middlename` varchar(50) CHARACTER SET utf8mb4 DEFAULT NULL,
  `lastname` varchar(50) CHARACTER SET utf8mb4 DEFAULT NULL,
  `alias` varchar(20) CHARACTER SET utf8mb4 DEFAULT NULL,
  `birthplace` varchar(80) CHARACTER SET utf8mb4 DEFAULT NULL,
  `birthdate` date DEFAULT NULL,
  `age` int(11) DEFAULT NULL,
  `civilstatus` varchar(20) CHARACTER SET utf8mb4 DEFAULT NULL,
  `gender` varchar(20) CHARACTER SET utf8mb4 DEFAULT NULL,
  `purok` varchar(50) CHARACTER SET utf8mb4 DEFAULT NULL,
  `voterstatus` varchar(20) CHARACTER SET utf8mb4 DEFAULT NULL,
  `identified_as` varchar(30) CHARACTER SET utf8mb4 DEFAULT NULL,
  `phone` varchar(50) CHARACTER SET utf8mb4 DEFAULT NULL,
  `email` varchar(50) CHARACTER SET utf8mb4 DEFAULT NULL,
  `occupation` varchar(100) DEFAULT NULL,
  `address` text CHARACTER SET utf8mb4 DEFAULT NULL,
  `resident_type` int(11) DEFAULT 1,
  `remarks` text DEFAULT NULL
) ENGINE=MyISAM DEFAULT CHARSET=latin1;

--
-- Dumping data for table `tblresident`
--

INSERT INTO `tblresident` (`id`, `national_id`, `citizenship`, `picture`, `firstname`, `middlename`, `lastname`, `alias`, `birthplace`, `birthdate`, `age`, `civilstatus`, `gender`, `purok`, `voterstatus`, `identified_as`, `phone`, `email`, `occupation`, `address`, `resident_type`, `remarks`) VALUES
(180, '321321321', 'Filipino', '18052023113447Screenshot2023-05-06183815.png', 'Ronil', 'Poe', 'Cajan', 'FPJ', 'Metro  Manila', '2023-04-05', 1, 'Single', 'Male', 'Purok 2', 'Yes', 'Unidentified', '19512659595', 'cajanr02rtrt22@gmail.com', 'IT', '310 W Las Colinas Blvd', 1, 'dasds'),
(181, '1212321321', 'American', '18052023113745sl9JaS.jpg', 'Ronil', '213213', 'Cajan', '', '321321', '2023-04-28', 33, 'Widow', 'Male', 'Purok 3', 'No', '', '19512659595', 'cajanr0222@gmail.com', 'IT', '310 W Las Colinas Blvd', 0, 're'),
(182, '1212321321', 'American', '18052023113745sl9JaS.jpg', 'Ronil', '213213', 'Cajan', '', '321321', '2023-04-28', 33, 'Widow', 'Male', 'Purok 3', 'No', '', '19512659595', 'cajanr0222@gmail.com', 'IT', '310 W Las Colinas Blvd', 0, 're'),
(183, '1212321321', 'American', '18052023113745sl9JaS.jpg', 'Ronil', '213213', 'Cajan', '', '321321', '2023-04-28', 33, 'Widow', 'Male', 'Purok 3', 'No', '', '19512659595', 'cajanr0222@gmail.com', 'IT', '310 W Las Colinas Blvd', 0, 're');

-- --------------------------------------------------------

--
-- Table structure for table `tbl_support`
--

CREATE TABLE `tbl_support` (
  `id` int(11) NOT NULL,
  `name` varchar(50) DEFAULT NULL,
  `email` varchar(60) DEFAULT NULL,
  `number` varchar(20) DEFAULT NULL,
  `subject` varchar(100) DEFAULT NULL,
  `message` text DEFAULT NULL,
  `date` timestamp NULL DEFAULT current_timestamp()
) ENGINE=InnoDB DEFAULT CHARSET=utf8mb4;

-- --------------------------------------------------------

--
-- Table structure for table `tbl_users`
--

CREATE TABLE `tbl_users` (
  `id` int(11) NOT NULL,
  `username` varchar(50) DEFAULT NULL,
  `password` varchar(100) DEFAULT NULL,
  `user_type` varchar(20) DEFAULT NULL,
  `avatar` text DEFAULT NULL,
  `created_at` timestamp NOT NULL DEFAULT current_timestamp()
) ENGINE=InnoDB DEFAULT CHARSET=utf8mb4;

--
-- Dumping data for table `tbl_users`
--

INSERT INTO `tbl_users` (`id`, `username`, `password`, `user_type`, `avatar`, `created_at`) VALUES
(10, 'staff', '6ccb4b7c39a6e77f76ecfa935a855c6c46ad5611', 'staff', '03052023043218icon.png', '2023-05-03 02:32:18'),
(11, 'admin', 'd033e22ae348aeb5660fc2140aec35850c4da997', 'administrator', '09052023074950person.png', '2023-05-03 02:33:03');

--
-- Indexes for dumped tables
--

--
-- Indexes for table `tblblotter`
--
ALTER TABLE `tblblotter`
  ADD PRIMARY KEY (`id`);

--
-- Indexes for table `tblbrgy_info`
--
ALTER TABLE `tblbrgy_info`
  ADD PRIMARY KEY (`id`);

--
-- Indexes for table `tblchairmanship`
--
ALTER TABLE `tblchairmanship`
  ADD PRIMARY KEY (`id`);

--
-- Indexes for table `tblofficials`
--
ALTER TABLE `tblofficials`
  ADD PRIMARY KEY (`id`);

--
-- Indexes for table `tblpayments`
--
ALTER TABLE `tblpayments`
  ADD PRIMARY KEY (`id`);

--
-- Indexes for table `tblpermit`
--
ALTER TABLE `tblpermit`
  ADD PRIMARY KEY (`id`);

--
-- Indexes for table `tblposition`
--
ALTER TABLE `tblposition`
  ADD PRIMARY KEY (`id`);

--
-- Indexes for table `tblprecinct`
--
ALTER TABLE `tblprecinct`
  ADD PRIMARY KEY (`id`);

--
-- Indexes for table `tblpurok`
--
ALTER TABLE `tblpurok`
  ADD PRIMARY KEY (`id`);

--
-- Indexes for table `tblresident`
--
ALTER TABLE `tblresident`
  ADD PRIMARY KEY (`id`);

--
-- Indexes for table `tbl_support`
--
ALTER TABLE `tbl_support`
  ADD PRIMARY KEY (`id`);

--
-- Indexes for table `tbl_users`
--
ALTER TABLE `tbl_users`
  ADD PRIMARY KEY (`id`);

--
-- AUTO_INCREMENT for dumped tables
--

--
-- AUTO_INCREMENT for table `tblblotter`
--
ALTER TABLE `tblblotter`
  MODIFY `id` int(11) NOT NULL AUTO_INCREMENT, AUTO_INCREMENT=27;

--
-- AUTO_INCREMENT for table `tblbrgy_info`
--
ALTER TABLE `tblbrgy_info`
  MODIFY `id` int(11) NOT NULL AUTO_INCREMENT, AUTO_INCREMENT=2;

--
-- AUTO_INCREMENT for table `tblchairmanship`
--
ALTER TABLE `tblchairmanship`
  MODIFY `id` int(11) NOT NULL AUTO_INCREMENT, AUTO_INCREMENT=12;

--
-- AUTO_INCREMENT for table `tblofficials`
--
ALTER TABLE `tblofficials`
  MODIFY `id` int(11) NOT NULL AUTO_INCREMENT, AUTO_INCREMENT=14;

--
-- AUTO_INCREMENT for table `tblpayments`
--
ALTER TABLE `tblpayments`
  MODIFY `id` int(11) NOT NULL AUTO_INCREMENT, AUTO_INCREMENT=11;

--
-- AUTO_INCREMENT for table `tblpermit`
--
ALTER TABLE `tblpermit`
  MODIFY `id` int(11) NOT NULL AUTO_INCREMENT, AUTO_INCREMENT=6;

--
-- AUTO_INCREMENT for table `tblposition`
--
ALTER TABLE `tblposition`
  MODIFY `id` int(11) NOT NULL AUTO_INCREMENT, AUTO_INCREMENT=17;

--
-- AUTO_INCREMENT for table `tblprecinct`
--
ALTER TABLE `tblprecinct`
  MODIFY `id` int(11) NOT NULL AUTO_INCREMENT;

--
-- AUTO_INCREMENT for table `tblpurok`
--
ALTER TABLE `tblpurok`
  MODIFY `id` int(11) NOT NULL AUTO_INCREMENT, AUTO_INCREMENT=13;

--
-- AUTO_INCREMENT for table `tblresident`
--
ALTER TABLE `tblresident`
  MODIFY `id` int(11) NOT NULL AUTO_INCREMENT, AUTO_INCREMENT=181;

--
-- AUTO_INCREMENT for table `tbl_support`
--
ALTER TABLE `tbl_support`
  MODIFY `id` int(11) NOT NULL AUTO_INCREMENT, AUTO_INCREMENT=4;

--
-- AUTO_INCREMENT for table `tbl_users`
--
ALTER TABLE `tbl_users`
  MODIFY `id` int(11) NOT NULL AUTO_INCREMENT, AUTO_INCREMENT=12;
COMMIT;

/*!40101 SET CHARACTER_SET_CLIENT=@OLD_CHARACTER_SET_CLIENT */;
/*!40101 SET CHARACTER_SET_RESULTS=@OLD_CHARACTER_SET_RESULTS */;
/*!40101 SET COLLATION_CONNECTION=@OLD_COLLATION_CONNECTION */;
